case,category,metric,before_mean_ms,after_mean_ms,before_p99_ms,after_p99_ms,change_percent,before_samples,after_samples
static_100k,CPU,total_ms,0.007906296296296297,0.008281666666666666,0.0086,0.009921000000000004,4.747739729235945,1080,1080
static_100k,CPU,runtime_ms,0.007835833333333334,0.00820787037037037,0.0085,0.009821000000000003,4.7478936982287,1080,1080
static_100k,CPU,fixed_capture_ms,0.0,0.0,0.0,0.0,,1080,1080
physics_idle_world_100k,CPU,total_ms,4.0501801851851855,0.03805861111111111,7.493007000000011,0.13403400000000018,-99.06032301352117,1080,1080
physics_idle_world_100k,CPU,runtime_ms,4.049789444444444,0.03796314814814815,7.492244000000011,0.1339130000000002,-99.06258958227504,1080,1080
physics_idle_world_100k,CPU,fixed_capture_ms,3.9681264814814816,3.0925925925925924e-05,7.370777000000011,0.0002,-99.99922064162848,1080,1080
physics_4096,CPU,total_ms,7.928523148148148,8.876822777777777,9.178100000000002,15.60123300000006,11.96060870240534,1080,1080
physics_4096,CPU,runtime_ms,6.973612222222222,7.74156462962963,8.147849000000003,13.41126100000003,11.012261406796299,1080,1080
physics_4096,CPU,fixed_capture_ms,0.3707987037037037,0.0053223148148148144,0.7230140000000002,0.016721000000000003,-98.56463499962294,1080,1080
dense_4096,CPU,total_ms,12.858931574074074,15.341300277777778,16.175610000000017,33.02298500000002,19.30462643341697,1080,1080
dense_4096,CPU,runtime_ms,11.857378981481482,14.10147574074074,15.01276400000002,30.18376900000008,18.925740357662725,1080,1080
dense_4096,CPU,fixed_capture_ms,0.1590535185185185,0.04716666666666667,0.2724830000000001,0.21808700000000125,-70.3454113395328,1080,1080
batch_dirty_100k,CPU,total_ms,35.47386,43.317495648148146,48.750206000000006,121.34260900000002,22.111029496502898,1080,1080
batch_dirty_100k,CPU,runtime_ms,18.37108675925926,22.957015277777778,25.909281000000004,73.86617500000004,24.962750318552352,1080,1080
batch_dirty_100k,CPU,fixed_capture_ms,0.0,0.0,0.0,0.0,,1080,1080
world_100k,Renderer,wall_frame_ms,39.357905277777775,25.91918048611111,58.823791,43.25025599999995,-34.14491878269351,1440,1440
world_100k,Renderer,simulation_ms,18.282159305555556,10.20694736111111,32.306310999999994,15.194074999999996,-44.169902523442964,1440,1440
world_100k,Renderer,begin_submit_ms,21.04176625,15.704764652777778,29.024653999999934,31.406865999999987,-25.363847947993534,1440,1440
world_100k,Renderer,gpu_delayed_ms,4.266664125,1.9251492986111112,8.024779599999999,8.308655299999993,-54.87928643525202,1440,1440
city_dense_50k,Renderer,wall_frame_ms,34.75837875,38.11433576388889,73.93122499999991,72.95977699999992,9.655102264770887,1440,1440
city_dense_50k,Renderer,simulation_ms,17.5524375,16.22750784722222,49.62670899999998,40.78262599999996,-7.5484083209399255,1440,1440
city_dense_50k,Renderer,begin_submit_ms,17.178449027777777,21.898968888888888,29.229606999999966,48.02535099999982,27.479313490280568,1440,1440
city_dense_50k,Renderer,gpu_delayed_ms,6.457915465277778,4.454958743055555,11.243377999999996,17.347118999999996,-31.01553021236503,1440,1440
culling_far_10k,Renderer,wall_frame_ms,2.774686875,2.0241865277777777,4.118877999999996,4.201913999999995,-27.048109607763305,1440,1440
culling_far_10k,Renderer,simulation_ms,0.7285072916666666,0.7909553472222223,1.4309589999999979,1.4399709999999988,8.572056350004132,1440,1440
culling_far_10k,Renderer,begin_submit_ms,2.0325063194444444,1.222336388888889,3.0588279999999974,2.943853999999996,-39.860635256327434,1440,1440
culling_far_10k,Renderer,gpu_delayed_ms,0.6211730361527777,0.5826976417916667,1.1710582999999999,1.3678001999999965,-6.193989777696663,1440,1440
culling_side_10k,Renderer,wall_frame_ms,1.6167117361111112,2.1595253472222224,2.734832,5.249464999999998,33.57516364771447,1440,1440
culling_side_10k,Renderer,simulation_ms,0.6759165277777778,0.8546520833333333,1.3361669999999977,1.5995739999999996,26.443436165585045,1440,1440
culling_side_10k,Renderer,begin_submit_ms,0.9292071527777778,1.2843827083333332,1.5465179999999916,3.813316999999993,38.22350640476577,1440,1440
culling_side_10k,Renderer,gpu_delayed_ms,0.5661299041666666,0.6409088540833333,1.2464304999999998,1.512038399999994,13.208797021019404,1440,1440
foliage_100k,Vegetation acceleration,wall_frame_ms,12.732894236111111,11.99285923611111,27.72917599999999,22.758520999999973,-5.811993614941258,1440,1440
foliage_100k,Vegetation acceleration,begin_submit_ms,12.579225416666667,11.826748055555555,27.497413999999996,22.570355999999975,-5.981905373236474,1440,1440
foliage_100k,Vegetation acceleration,gpu_delayed_ms,1.563777211111111,2.104650986111111,3.9919655999999955,8.156069399999977,34.587649132940925,1440,1440
foliage_1m,Vegetation acceleration,wall_frame_ms,143.42147847222222,120.93854458333334,677.3787699999998,447.4617899999991,-15.676127542670226,1440,1440
foliage_1m,Vegetation acceleration,begin_submit_ms,143.24108541666666,120.83554013888889,676.8363499999998,446.8954299999992,-15.641842710562702,1440,1440
foliage_1m,Vegetation acceleration,gpu_delayed_ms,11.825772444444445,6.379357868055555,19.809871999999967,17.055482999999978,-46.05546573786413,1440,1440
