case,kind,metric,before_mean_ms,after_mean_ms,after_p99_ms,after_max_ms,change_percent,gate,regression_over_5_percent
static_100k,cpu,runtime_ms,0.004939444444444444,0.004889629629629629,0.0054,0.0132,-1.0085104787613042,PASS,False
physics_idle_world_100k,cpu,runtime_ms,0.016358425925925926,0.01574638888888889,0.0195,0.0472,-3.7414176633403295,PASS,False
physics_4096,cpu,runtime_ms,3.564365185185185,3.4656592592592594,4.048,4.4006,-2.7692427907270445,PASS,False
dense_4096,cpu,runtime_ms,7.235878796296296,7.296605092592593,9.8576,14.989,0.839238715930124,pomiar,False
batch_dirty_100k,cpu,runtime_ms,6.0037162037037035,5.3289901851851855,6.7021,8.6875,-11.238472899539765,PASS,False
world_100k,gpu,wall_frame_ms,0.9006940277777777,0.8859384722222222,1.4983,1.827,-1.638242855008254,PASS,False
city_dense_50k,gpu,wall_frame_ms,1.9518640972222223,2.00555,4.3875,7.562,2.750493892181338,PASS,False
culling_far_10k,gpu,wall_frame_ms,0.478784375,0.4741226388888889,0.8589,1.2896,-0.9736608700129601,pomiar,False
culling_side_10k,gpu,wall_frame_ms,0.472625625,0.47548701388888887,0.8778,1.0928,0.6054239841288389,pomiar,False
foliage_100k,gpu,wall_frame_ms,0.6936765972222222,0.6825352083333334,1.9265,2.0045,-1.6061359044695633,pomiar,False
foliage_1m,gpu,wall_frame_ms,1.2796265972222223,1.2649205555555556,3.6586,4.6514,-1.1492447639483427,PASS,False
city_dense_50k,fixed_gpu,wall_frame_ms,3.8692299305555555,3.6176146527777777,4.7592,6.2131,-6.502980755699106,PASS,False
geometry_10k,fixed_gpu,wall_frame_ms,1.8731061111111111,1.9094500694444445,5.1935,6.46,1.9403042955091543,pomiar,False
lights_512,fixed_gpu,wall_frame_ms,0.8687177083333333,0.8588160416666667,1.8963,2.5565,-1.1398025586082827,pomiar,False
shadow_50k,fixed_gpu,wall_frame_ms,1.3605652083333333,1.3809159722222222,2.2422,3.0335,1.49575806909088,pomiar,False
mixed_stream_10k,fixed_gpu,wall_frame_ms,3.5850359746588696,3.48564679337232,23.4147,197.307,-2.7723342802998485,FAIL,False
static_100k,async,update_ms,0.9375089278496362,0.9261421825496605,3.4213,8.3957,-1.2124412858710132,PASS,False
colliders_100k,cpu,runtime_ms,0.4954864814814815,0.10309888888888889,0.179,0.2457,-79.19239116663123,PASS,False
